area,region
administrative_area_level_1,wisconsin
administrative_area_level_1.1,wisconsin
administrative_area_level_1.2,ohio
administrative_area_level_1.3,texas
administrative_area_level_1.4,pennsylvania
administrative_area_level_1.5,maryland
administrative_area_level_1.6,kansas
administrative_area_level_1.7,illinois
administrative_area_level_1.8,pennsylvania
administrative_area_level_1.9,new jersey
administrative_area_level_1.10,missouri
administrative_area_level_1.11,texas
administrative_area_level_1.12,minnesota
administrative_area_level_1.13,tennessee
administrative_area_level_1.14,oklahoma
administrative_area_level_1.15,montana
administrative_area_level_1.16,florida
administrative_area_level_1.17,colorado
administrative_area_level_1.18,kentucky
administrative_area_level_1.19,new hampshire
administrative_area_level_1.20,virginia
administrative_area_level_1.21,texas
administrative_area_level_1.22,florida
administrative_area_level_1.23,kentucky
administrative_area_level_1.24,illinois
administrative_area_level_1.25,new york
administrative_area_level_1.26,georgia
administrative_area_level_1.27,pennsylvania
administrative_area_level_1.28,texas
administrative_area_level_1.29,florida
administrative_area_level_1.30,new york
administrative_area_level_1.31,texas
administrative_area_level_1.32,tennessee
administrative_area_level_1.33,iowa
administrative_area_level_1.34,california
administrative_area_level_1.35,illinois
administrative_area_level_1.36,illinois
administrative_area_level_1.37,new york
administrative_area_level_1.38,indiana
administrative_area_level_1.39,oregon
administrative_area_level_1.40,california
administrative_area_level_1.41,florida
administrative_area_level_1.42,ohio
administrative_area_level_1.43,california
administrative_area_level_1.44,michigan
administrative_area_level_1.45,virginia
administrative_area_level_1.46,indiana
administrative_area_level_1.47,illinois
administrative_area_level_1.48,connecticut
administrative_area_level_1.49,arizona
administrative_area_level_1.50,california
administrative_area_level_1.51,texas
administrative_area_level_1.52,pennsylvania
administrative_area_level_1.53,pennsylvania
administrative_area_level_1.54,california
administrative_area_level_1.55,kentucky
administrative_area_level_1.56,massachusetts
administrative_area_level_1.57,maryland
administrative_area_level_1.58,new york
administrative_area_level_1.59,virginia
administrative_area_level_1.60,rhode island
administrative_area_level_1.61,california
administrative_area_level_1.62,alaska
administrative_area_level_1.63,california
administrative_area_level_1.64,california
administrative_area_level_1.65,california
administrative_area_level_1.66,missouri
administrative_area_level_1.67,arkansas
administrative_area_level_1.68,california
administrative_area_level_1.69,texas
administrative_area_level_1.70,colorado
administrative_area_level_1.71,california
administrative_area_level_1.72,texas
administrative_area_level_1.73,ohio
administrative_area_level_1.74,oregon
administrative_area_level_1.75,california
administrative_area_level_1.76,missouri
administrative_area_level_1.77,missouri
administrative_area_level_1.78,georgia
administrative_area_level_1.79,ohio
administrative_area_level_1.80,washington
administrative_area_level_1.81,california
administrative_area_level_1.82,oklahoma
administrative_area_level_1.83,rhode island
administrative_area_level_1.84,michigan
administrative_area_level_1.85,alabama
administrative_area_level_1.86,maryland
administrative_area_level_1.87,new jersey
administrative_area_level_1.88,pennsylvania
administrative_area_level_1.89,pennsylvania
administrative_area_level_1.90,pennsylvania
administrative_area_level_1.91,new york
administrative_area_level_1.92,virginia
administrative_area_level_1.93,pennsylvania
administrative_area_level_1.94,new jersey
administrative_area_level_1.95,virginia
administrative_area_level_1.96,illinois
administrative_area_level_1.97,colorado
administrative_area_level_1.98,georgia
administrative_area_level_1.99,illinois
administrative_area_level_1.100,tennessee
administrative_area_level_1.101,illinois
administrative_area_level_1.102,virginia
administrative_area_level_1.103,indiana
administrative_area_level_1.104,virginia
administrative_area_level_1.105,indiana
administrative_area_level_1.106,pennsylvania
administrative_area_level_1.107,georgia
administrative_area_level_1.108,alabama
administrative_area_level_1.109,ohio
administrative_area_level_1.110,massachusetts
administrative_area_level_1.111,washington
administrative_area_level_1.112,colorado
administrative_area_level_1.113,illinois
administrative_area_level_1.114,new jersey
administrative_area_level_1.115,nebraska
administrative_area_level_1.116,connecticut
administrative_area_level_1.117,texas
administrative_area_level_1.118,california
administrative_area_level_1.119,connecticut
administrative_area_level_1.120,west virginia
administrative_area_level_1.121,washington
administrative_area_level_1.122,texas
administrative_area_level_1.123,tennessee
administrative_area_level_1.124,oklahoma
administrative_area_level_1.125,pennsylvania
administrative_area_level_1.126,north carolina
administrative_area_level_1.127,california
administrative_area_level_1.128,michigan
administrative_area_level_1.129,utah
administrative_area_level_1.130,iowa
administrative_area_level_1.131,florida
administrative_area_level_1.132,new york
administrative_area_level_1.133,texas
administrative_area_level_1.134,tennessee
administrative_area_level_1.135,california
administrative_area_level_1.136,illinois
administrative_area_level_1.137,maryland
administrative_area_level_1.138,ohio
administrative_area_level_1.139,new york
administrative_area_level_1.140,connecticut
administrative_area_level_1.141,pennsylvania
administrative_area_level_1.142,pennsylvania
administrative_area_level_1.143,maryland
administrative_area_level_1.144,pennsylvania
administrative_area_level_1.145,pennsylvania
administrative_area_level_1.146,new york
administrative_area_level_1.147,kentucky
administrative_area_level_1.148,new jersey
administrative_area_level_1.149,massachusetts
administrative_area_level_1.150,texas
administrative_area_level_1.151,nebraska
administrative_area_level_1.152,alabama
administrative_area_level_1.153,georgia
administrative_area_level_1.154,kansas
administrative_area_level_1.155,minnesota
administrative_area_level_1.156,virginia
administrative_area_level_1.157,north dakota
administrative_area_level_1.158,pennsylvania
administrative_area_level_1.159,massachusetts
administrative_area_level_1.160,texas
administrative_area_level_1.161,massachusetts
administrative_area_level_1.162,iowa
administrative_area_level_1.163,washington
administrative_area_level_1.164,nevada
administrative_area_level_1.165,florida
administrative_area_level_1.166,arizona
administrative_area_level_1.167,rhode island
administrative_area_level_1.168,west virginia
administrative_area_level_1.169,missouri
administrative_area_level_1.170,california
administrative_area_level_1.171,new jersey
administrative_area_level_1.172,california
administrative_area_level_1.173,maryland
administrative_area_level_1.174,pennsylvania
administrative_area_level_1.175,oklahoma
administrative_area_level_1.176,new jersey
administrative_area_level_1.177,north carolina
administrative_area_level_1.178,rhode island
administrative_area_level_1,wyoming
administrative_area_level_1.1,new jersey
administrative_area_level_1.2,new jersey
administrative_area_level_1.3,minnesota
administrative_area_level_1.4,south carolina
administrative_area_level_1.5,kentucky
administrative_area_level_1.6,california
administrative_area_level_1.7,new york
administrative_area_level_1.8,new york
administrative_area_level_1.9,alabama
administrative_area_level_1.10,massachusetts
administrative_area_level_1.11,colorado
administrative_area_level_1.12,indiana
administrative_area_level_1.13,missouri
administrative_area_level_1.14,connecticut
administrative_area_level_1.15,arkansas
administrative_area_level_1.16,north carolina
administrative_area_level_1.17,ohio
administrative_area_level_1.18,illinois
administrative_area_level_1.19,missouri
administrative_area_level_1.20,illinois
administrative_area_level_1.21,texas
administrative_area_level_1.22,nevada
administrative_area_level_1.23,massachusetts
administrative_area_level_1.24,connecticut
administrative_area_level_1.25,south carolina
administrative_area_level_1.26,washington
administrative_area_level_1.27,south carolina
administrative_area_level_1.28,california
administrative_area_level_1.29,new jersey
administrative_area_level_1.30,iowa
administrative_area_level_1.31,kansas
administrative_area_level_1.32,florida
administrative_area_level_1.33,kentucky
administrative_area_level_1.34,kansas
administrative_area_level_1.35,arizona
administrative_area_level_1.36,nevada
administrative_area_level_1.37,illinois
administrative_area_level_1.38,texas
administrative_area_level_1.39,north carolina
administrative_area_level_1.40,north carolina
administrative_area_level_1.41,north carolina
administrative_area_level_1.42,kentucky
administrative_area_level_1.43,ohio
administrative_area_level_1.44,arizona
administrative_area_level_1.45,washington
administrative_area_level_1.46,connecticut
administrative_area_level_1.47,vermont
administrative_area_level_1.48,virginia
administrative_area_level_1.49,texas
administrative_area_level_1.50,pennsylvania
administrative_area_level_1.51,arkansas
administrative_area_level_1.52,connecticut
administrative_area_level_1.53,california
administrative_area_level_1.54,north carolina
administrative_area_level_1.55,texas
administrative_area_level_1.56,california
administrative_area_level_1.57,wisconsin
administrative_area_level_1.58,new jersey
administrative_area_level_1.59,florida
administrative_area_level_1.60,california
administrative_area_level_1.61,maryland
administrative_area_level_1.62,maryland
administrative_area_level_1.63,california
administrative_area_level_1.64,pennsylvania
administrative_area_level_1.65,florida
administrative_area_level_1.66,texas
administrative_area_level_1.67,georgia
administrative_area_level_1.68,california
administrative_area_level_1.69,new york
administrative_area_level_1.70,missouri
administrative_area_level_1.71,wisconsin
administrative_area_level_1.72,kentucky
administrative_area_level_1.73,michigan
administrative_area_level_1.74,florida
administrative_area_level_1.75,utah
administrative_area_level_1.76,maryland
administrative_area_level_1.77,virginia
administrative_area_level_1.78,california
administrative_area_level_1.79,california
administrative_area_level_1.80,california
administrative_area_level_1.81,south carolina
administrative_area_level_1.82,maryland
administrative_area_level_1.83,texas
administrative_area_level_1.84,virginia
administrative_area_level_1.85,florida
administrative_area_level_1.86,new york
administrative_area_level_1.87,illinois
administrative_area_level_1.88,indiana
administrative_area_level_1.89,pennsylvania
administrative_area_level_1.90,california
administrative_area_level_1.91,california
administrative_area_level_1.92,michigan
administrative_area_level_1.93,michigan
administrative_area_level_1.94,kansas
administrative_area_level_1.95,missouri
administrative_area_level_1.96,minnesota
administrative_area_level_1.97,maryland
administrative_area_level_1.98,ohio
administrative_area_level_1.99,california
administrative_area_level_1.100,texas
administrative_area_level_1.101,missouri
administrative_area_level_1.102,illinois
administrative_area_level_1.103,florida
administrative_area_level_1.104,illinois
administrative_area_level_1.105,florida
administrative_area_level_1.106,new jersey
administrative_area_level_1.107,district
administrative_area_level_1.108,of
administrative_area_level_1.109,columbia
administrative_area_level_1.110,alabama
administrative_area_level_1.111,virginia
administrative_area_level_1.112,florida
administrative_area_level_1.113,new york
administrative_area_level_1.114,new hampshire
administrative_area_level_1.115,massachusetts
administrative_area_level_1.116,new mexico
administrative_area_level_1.117,florida
administrative_area_level_1.118,california
administrative_area_level_1.119,texas
administrative_area_level_1.120,pennsylvania
administrative_area_level_1.121,california
administrative_area_level_1.122,florida
administrative_area_level_1.123,florida
administrative_area_level_1.124,georgia
administrative_area_level_1.125,maine
administrative_area_level_1.126,kansas
administrative_area_level_1.127,washington
administrative_area_level_1.128,california
administrative_area_level_1.129,arizona
administrative_area_level_1.130,virginia
administrative_area_level_1.131,new york
administrative_area_level_1.132,texas
